{"wikitext2/perplexity": 6.208752632141113, "_timestamp": 1701999524.56898, "_runtime": 1532.2458319664001, "_step": 2, "ptb/perplexity": 37.238304138183594, "c4/perplexity": 8.11932373046875, "_wandb": {"runtime": 1567}}